1,https://images-na.ssl-images-amazon.com/images/I/71kAtldHTeL._UX385_.jpg,1,2019-08-12 0:00:00,2019-08-12 0:00:00
2,https://victoriagolf.xebio-online.com/ec/img/2/4070301/5953302_m.jpg,2,2019-08-12 0:00:00,2019-08-12 0:00:00
3,https://images-na.ssl-images-amazon.com/images/I/71LCcXg1I1L._UX385_.jpg,3,2019-08-12 0:00:00,2019-08-12 0:00:00
4,https://image5.brandear.jp/image1/600/30083558_1.jpg,4,2019-08-12 0:00:00,2019-08-12 0:00:00
5,https://images-na.ssl-images-amazon.com/images/I/61rhgYg1bVL._SX342_.jpg,5,2019-08-12 0:00:00,2019-08-12 0:00:00
6,https://image.t-fashion.jp/majesticlegon/images/goods/1905-1096021023/z-1905-1096021023_35.jpg,6,2019-08-12 0:00:00,2019-08-12 0:00:00
7,https://im.uniqlo.com/images/jp/pc/goods/40070900001/item/69_40070900001.jpg,7,2019-08-12 0:00:00,2019-08-12 0:00:00
8,https://img.cotyle.com/item_pic/dulcamara/308310003_c1.jpg,8,2019-08-12 0:00:00,2019-08-12 0:00:00
9,https://im.belluna.jp/belluna/ph/O/4552/1006524552/DLARGE.JPG,9,2019-08-12 0:00:00,2019-08-12 0:00:00
10,https://images-na.ssl-images-amazon.com/images/I/51wM15kEjsL._UX385_.jpg,10,2019-08-12 0:00:00,2019-08-12 0:00:00
11,https://shop.niceclaup.jp/shop/item/niceclaup/picture/goods/2319_1.jpg,11,2019-08-12 0:00:00,2019-08-12 0:00:00
12,https://cdn.super-groupies.com/images/products/6318/ce289d8c-587e-4016-a0de-b3b2811afdd3.jpg,12,2019-08-12 0:00:00,2019-08-12 0:00:00
13,https://itemimg-crc.adss-sys.com/itemimg/CC010/A1CC000030PZ/03_015.jpg?width=432&quality=90,13,2019-08-12 0:00:00,2019-08-12 0:00:00
14,https://clipkit-crossfinity.s3-ap-northeast-1.amazonaws.com/articles/images/000/000/654/medium/0f099f93-0f15-48c5-8c08-74970848e48a.jpg?1560913891,14,2019-08-12 0:00:00,2019-08-12 0:00:00
15,https://s3-ap-northeast-1.amazonaws.com/xzmedia-content/wp-content/uploads/2017/07/10122430/43656230_17_d_500-e1560137093433.jpg,15,2019-08-12 0:00:00,2019-08-12 0:00:00
16,https://acodesign.jp/pub/media/catalog/product/cache/e4d64343b1bc593f1c5348fe05efa4a6/5/2/520600044.jpg,16,2019-08-12 0:00:00,2019-08-12 0:00:00
17,https://item-shopping.c.yimg.jp/i/l/ayusutoa_y240642,17,2019-08-12 0:00:00,2019-08-12 0:00:00
18,https://acodesign.jp/pub/media/catalog/product/cache/e4d64343b1bc593f1c5348fe05efa4a6/5/2/524100077.jpg,18,2019-08-12 0:00:00,2019-08-12 0:00:00
19,https://d1f5hsy4d47upe.cloudfront.net/cc/cca703229b14965c329800876bd2499d_t.jpeg,19,2019-08-12 0:00:00,2019-08-12 0:00:00
20,https://itemimg-crc.adss-sys.com/itemimg/CC010/A1CC000034SC/02_F14.jpg?width=432&quality=90,20,2019-08-12 0:00:00,2019-08-12 0:00:00
21,https://confod.fs-storage.jp/fs2cabinet/039/039185006/039185006-m-01-dl.jpg,21,2019-08-02 0:00:00,2019-08-12 0:00:00
22,http://fashionwalker.com/img/item/OQC01/OQC0118S0150/OQC0118S0150_pz_a001.jpg,22,2019-08-02 0:00:00,2019-08-02 0:00:00
23,https://cdn.super-groupies.com/images/products/3557/07251830_59770faa0da19,23,2019-08-02 0:00:00,2019-08-02 0:00:00
24,https://s3-ap-northeast-1.amazonaws.com/tsuchiyakaban-2/upload/save_image/08271913_57c167e2652dc.jpg,24,2019-08-02 0:00:00,2019-08-02 0:00:00
25,https://images-na.ssl-images-amazon.com/images/I/71fan9fbLsL._UY575_.jpg,25,2019-08-02 0:00:00,2019-08-02 0:00:00
26,https://www.bellemaison.jp/product/pic_m/4412013F/E82358pm01_44113F.jpg,26,2019-08-02 0:00:00,2019-08-02 0:00:00
27,https://image.t-fashion.jp/lacoste/images/goods/1903-NH2856C/z-1903-NH2856C_13-6.jpg,27,2019-08-02 0:00:00,2019-08-02 0:00:00
28,http://fashionwalker.com/img/item/PKL01/PKL0199A1150/PKL0199A1150_pz_a006.jpg,28,2019-08-02 0:00:00,2019-08-02 0:00:00
29,https://d1f5hsy4d47upe.cloudfront.net/27/27d94c431cc200165cc9caab07f8759b_t.jpeg,29,2019-08-02 0:00:00,2019-08-02 0:00:00
30,https://store.world.co.jp/img/item/BR070/BR07019S0262/BR07019S0262_l2_c102.jpg,30,2019-08-02 0:00:00,2019-08-02 0:00:00
31,https://www.hansoku-style.jp/upload/save_image/MAIN_TR-0915-006.png,31,2019-08-02 0:00:00,2019-08-02 0:00:00
32,https://d1f5hsy4d47upe.cloudfront.net/65/659238bc898eef114854423d1b5ad513_t.jpeg,32,2019-08-02 0:00:00,2019-08-02 0:00:00
33,https://image.t-fashion.jp/nijuusanku/images/goods/1902-ZZ3DKM0303/z-1902-ZZ3DKM0303_01.jpg,33,2019-08-02 0:00:00,2019-08-02 0:00:00
34,https://static-buyma-com.akamaized.net/imgdata/item/141022/0014552439/428_1.jpg,34,2019-08-02 0:00:00,2019-08-02 0:00:00
35,https://wx10.wadax.ne.jp/~duram-jp/colorme/9001/details-01.png,35,2019-08-02 0:00:00,2019-08-02 0:00:00
36,http://static.minne.com/productimages/28195227/large/7dc7b1a339043515a1a4c43e24b616264b69667c.jpg?1484755829,36,2019-08-02 0:00:00,2019-08-02 0:00:00
37,https://images-na.ssl-images-amazon.com/images/I/61TQxI5mWxL._UY445_.jpg,37,2019-08-02 0:00:00,2019-08-02 0:00:00
38,https://goldenbear.fs-storage.jp/fs2cabinet/314/314P3202/314P3202-m-01-dl.jpg,38,2019-08-02 0:00:00,2019-08-02 0:00:00
39,https://assets.lacoste.jp/product_images/40428/file/l1212al-001-sub1.20190509040349371705.mn.jpg,39,2019-08-02 0:00:00,2019-08-02 0:00:00
40,https://d1f5hsy4d47upe.cloudfront.net/00/006fc36c91e71423d0e04119c54f3482_t.jpeg,40,2019-08-02 0:00:00,2019-08-02 0:00:00
41,https://d1f5hsy4d47upe.cloudfront.net/da/da3742e78d37fe60cf9639fdff0df584_t.jpeg,41,2019-08-02 0:00:00,2019-08-02 0:00:00
42,https://static-buyma-com.akamaized.net/imgdata/item/150331/0016049622/428_1.jpg,42,2019-06-14 0:00:00,2019-08-02 0:00:00
43,https://assets.lacoste.jp/product_images/103937/file/vh2362l-03r-sub1.20190313094952224739.mn.jpg,43,2019-06-14 0:00:00,2019-06-14 0:00:00
44,https://www.aluvous.com/data/aluvous/product/20190726_d79dea.jpg,44,2019-06-14 0:00:00,2019-06-14 0:00:00
45,"https://image.edwin-ec.jp/mgen/web:scripts/resize.ims?args=product:WM1620/WM1620-300_01.jpg,550,605,0,0,0xf5f5f5",45,2019-06-14 0:00:00,2019-06-14 0:00:00
46,https://images-na.ssl-images-amazon.com/images/I/61t2GeLIRYL._UY445_.jpg,46,2019-06-14 0:00:00,2019-06-14 0:00:00
47,https://images-na.ssl-images-amazon.com/images/I/61qb9mBNW3L._UX385_.jpg,47,2019-06-14 0:00:00,2019-06-14 0:00:00
48,https://s7d2.scene7.com//is/image/aeo/1112_5078_919_f?$cat-main_large$,48,2019-06-14 0:00:00,2019-06-14 0:00:00
49,https://c.imgz.jp/478/5410478/5410478_2_d_500.jpg,49,2019-06-14 0:00:00,2019-06-14 0:00:00
50,https://images-na.ssl-images-amazon.com/images/I/61avJyhBOPL._UX342_.jpg,50,2019-06-14 0:00:00,2019-06-14 0:00:00
51,https://images-na.ssl-images-amazon.com/images/I/61o-6ruyf4L._UY395_.jpg,51,2019-06-14 0:00:00,2019-06-14 0:00:00
52,https://image.t-fashion.jp/greenlabelrelaxing/images/goods/1707-32314991538/z-1707-32314991538_69.jpg,52,2019-06-14 0:00:00,2019-06-14 0:00:00
53,https://images-na.ssl-images-amazon.com/images/I/61yQ4BnasJL._UY500_.jpg,53,2019-06-14 0:00:00,2019-06-14 0:00:00
54,https://www.nissen.co.jp/img/item/VEN01/VEN0118D0001/VEN0118D0001_l_c101.jpg,54,2019-06-14 0:00:00,2019-06-14 0:00:00
55,https://media-01.creema.net/user/938830/exhibits/4112790/1_be1143ca93332db1689a74e69fa46cab_583x585.jpg,55,2019-06-14 0:00:00,2019-06-14 0:00:00
56,https://rvca.fs-storage.jp/fs2cabinet/AJ0/AJ041937-2019H/AJ041937-2019H-m-01-dl.jpg,56,2019-06-14 0:00:00,2019-06-14 0:00:00
57,https://tasclap.k-img.com/images/tasclapicv/450/000/000/1/1147/tasclapimage_1147_17_1.jpg?d=20190417153652,57,2019-06-14 0:00:00,2019-06-14 0:00:00
58,https://images-na.ssl-images-amazon.com/images/I/81qSyT8NzxL._UY395_.jpg,58,2019-06-14 0:00:00,2019-06-14 0:00:00
59,https://d1f5hsy4d47upe.cloudfront.net/6f/6f5ba91b8fb94fd75a88758a4abaad38_t.jpeg,59,2019-06-14 0:00:00,2019-06-14 0:00:00
60,https://encrypted-tbn0.gstatic.com/images?q=tbn:ANd9GcS6PRiR-3gGwKkfPKViO1rueo4D9mOLKGU49YesAcFgiPpBBNZHdQ,60,2019-06-14 0:00:00,2019-06-14 0:00:00
61,https://d1f5hsy4d47upe.cloudfront.net/e5/e5a7f3f53aa4fe4ae3f2bf044d13aa4c_t.jpeg,61,2019-06-14 0:00:00,2019-06-14 0:00:00
62,https://d1f5hsy4d47upe.cloudfront.net/9a/9a6e93c2b5661d14af2abc17836c9f59_t.jpeg,62,2019-06-14 0:00:00,2019-06-14 0:00:00
63,https://d1f5hsy4d47upe.cloudfront.net/a9/a93a1eb02e6d614941e9553041870e7d_t.jpeg,63,2019-06-14 0:00:00,2019-06-14 0:00:00
64,https://d1f5hsy4d47upe.cloudfront.net/df/df9256637d72454dceebaf6f4e99c0e1_t.jpeg,64,2019-06-14 0:00:00,2019-06-14 0:00:00
65,https://d1f5hsy4d47upe.cloudfront.net/b8/b8dbb895416efcb7de0f7763404153cc_t.jpeg,65,2019-07-14 0:00:00,2019-07-14 0:00:00
66,https://d1f5hsy4d47upe.cloudfront.net/40/40ee3a4d22fa30d0a5cfffa20bcc4911_t.jpeg,66,2019-07-14 0:00:00,2019-07-14 0:00:00
67,https://d1f5hsy4d47upe.cloudfront.net/a6/a6f3502bafaf7ae7b0a0e628f59bea51_t.jpeg,67,2019-07-14 0:00:00,2019-07-14 0:00:00
68,https://d1f5hsy4d47upe.cloudfront.net/7d/7df23ec625f7bed17d4dd81f1ffa100a_t.jpeg,68,2019-07-14 0:00:00,2019-07-14 0:00:00
69,https://d1f5hsy4d47upe.cloudfront.net/fb/fb2ddd0e39033a8a03b1c0ecd312cfdc_t.jpeg,69,2019-07-14 0:00:00,2019-07-14 0:00:00
70,https://d1f5hsy4d47upe.cloudfront.net/fd/fd8a20a691bd8f963866d69062859a3d_t.jpeg,70,2019-07-14 0:00:00,2019-07-14 0:00:00
71,https://d1f5hsy4d47upe.cloudfront.net/29/298de625a5c958b6a096a9b0bd185eb3_t.jpeg,71,2019-07-14 0:00:00,2019-07-14 0:00:00
72,https://d1f5hsy4d47upe.cloudfront.net/d3/d3499c22efc5d88e48bd676206cdb07e_t.jpeg,72,2019-07-14 0:00:00,2019-07-14 0:00:00
73,https://d1f5hsy4d47upe.cloudfront.net/f9/f961cc4620105f4c73cead9efae72597_t.jpeg,73,2019-07-14 0:00:00,2019-07-14 0:00:00
74,https://d1f5hsy4d47upe.cloudfront.net/d3/d333aace18e65170f79e951436a30caf_t.jpeg,74,2019-07-14 0:00:00,2019-07-14 0:00:00
75,https://d1f5hsy4d47upe.cloudfront.net/7d/7df23ec625f7bed17d4dd81f1ffa100a_t.jpeg,75,2019-07-14 0:00:00,2019-07-14 0:00:00
76,https://d1f5hsy4d47upe.cloudfront.net/61/6103fc5722c8348142ec949baf702ae1_t.jpeg,76,2019-07-14 0:00:00,2019-07-14 0:00:00
77,https://d1f5hsy4d47upe.cloudfront.net/9b/9b97b43ee962473085b3019c77633435_t.jpeg,77,2019-07-14 0:00:00,2019-07-14 0:00:00
78,https://d1f5hsy4d47upe.cloudfront.net/89/89f34ae737a0297ab05dcc5487b011f7_t.jpeg,78,2019-07-14 0:00:00,2019-07-14 0:00:00
79,https://d1f5hsy4d47upe.cloudfront.net/16/16eca6ce66db25e5c0f00e406f133c40_t.jpeg,79,2019-07-14 0:00:00,2019-07-14 0:00:00
80,https://d1f5hsy4d47upe.cloudfront.net/32/327d5ee009bc447d8afbf6010029b9f8_t.jpeg,80,2019-07-14 0:00:00,2019-07-14 0:00:00
81,https://d1f5hsy4d47upe.cloudfront.net/84/84b3e07df861735fd90cedf1a7678404_t.jpeg,81,2019-07-14 0:00:00,2019-07-14 0:00:00
82,https://d1f5hsy4d47upe.cloudfront.net/47/4758e0040e118e342bc877934015b463_t.jpeg,82,2019-07-14 0:00:00,2019-07-14 0:00:00
83,https://d1f5hsy4d47upe.cloudfront.net/64/64b76b07173acb60f8d17f65d9a1720a_t.jpeg,83,2019-07-20 0:00:00,2019-07-20 0:00:00
84,https://d1f5hsy4d47upe.cloudfront.net/de/de7921db1d47ee960f5950153fe7afe2_t.jpeg,84,2019-07-20 0:00:00,2019-07-20 0:00:00
85,https://d1f5hsy4d47upe.cloudfront.net/2b/2b64a033f855621adbcaef0cff3bf30f_t.jpeg,85,2019-07-20 0:00:00,2019-07-20 0:00:00
86,https://d1f5hsy4d47upe.cloudfront.net/72/7249741a9ce2b029bcd987fc30b876dd_t.jpeg,86,2019-07-20 0:00:00,2019-07-20 0:00:00
87,https://images-na.ssl-images-amazon.com/images/I/71Ihqs6ZiJL._SY355_.jpg,87,2019-07-20 0:00:00,2019-07-20 0:00:00
88,http://www.cosme-silkroad.co.jp/images/ch-rouge-coco-6-24.jpg,88,2019-07-20 0:00:00,2019-07-20 0:00:00
89,https://d1f5hsy4d47upe.cloudfront.net/76/76f0263ceea380501a4325962717e83c_t.jpeg,89,2019-07-20 0:00:00,2019-07-20 0:00:00
90,https://d1f5hsy4d47upe.cloudfront.net/12/12f72aa7b47504b5017f89d9dcaf9b1f_t.jpeg,90,2019-07-20 0:00:00,2019-07-20 0:00:00
91,https://www.cosmeland.jp/shop/item/cosmeland/picture/goods/14730_1.jpg,91,2019-07-20 0:00:00,2019-07-20 0:00:00
92,https://images-na.ssl-images-amazon.com/images/I/71PAn3a7n9L._SY450_.jpg,92,2019-07-20 0:00:00,2019-07-20 0:00:00
93,https://d1f5hsy4d47upe.cloudfront.net/dc/dc94ec8eb50ba211a0c4fa9db9fce2b5_t.jpeg,93,2019-07-20 0:00:00,2019-07-20 0:00:00
94,https://d1f5hsy4d47upe.cloudfront.net/78/783d515aaf8f2391801a2d11bf3d0bcc_t.jpeg,94,2019-07-20 0:00:00,2019-07-20 0:00:00
95,https://d1f5hsy4d47upe.cloudfront.net/d3/d32955c438be819eabe3ae68474c24e0_t.jpeg,95,2019-07-20 0:00:00,2019-07-20 0:00:00
96,https://d1f5hsy4d47upe.cloudfront.net/eb/eb30bee1c8acedf564dad671a26a0c79_t.jpeg,96,2019-07-20 0:00:00,2019-07-20 0:00:00
97,https://d1f5hsy4d47upe.cloudfront.net/5a/5a502df2f04b32074a2a7ad00352be22_t.jpeg,97,2019-07-20 0:00:00,2019-07-20 0:00:00
98,https://d1f5hsy4d47upe.cloudfront.net/d5/d503800c99571f90c4649103f86e77c0_t.jpeg,98,2019-07-20 0:00:00,2019-07-20 0:00:00
99,https://d1f5hsy4d47upe.cloudfront.net/e3/e38c141c0814270a5c8e7d57f7678144_t.jpeg,99,2019-07-20 0:00:00,2019-07-20 0:00:00
100,https://d1f5hsy4d47upe.cloudfront.net/6b/6b265054ed9c335b3b507e355d3b0619_t.jpeg,100,2019-07-20 0:00:00,2019-07-20 0:00:00